{"src/app/forms/mainform.php":{"_objects":{"tabs":{"id":"tabs","type":"ide\\formats\\form\\elements\\TabPaneFormElement","version":0,"data":[]},"browserUrl":{"id":"browserUrl","type":"ide\\formats\\form\\elements\\TextFieldFormElement","version":0,"data":[]},"back":{"id":"back","type":"ide\\formats\\form\\elements\\ButtonFormElement","version":0,"data":[]},"forw":{"id":"forw","type":"ide\\formats\\form\\elements\\ButtonFormElement","version":0,"data":[]},"loadState":{"id":"loadState","type":"ide\\formats\\form\\elements\\ProgressIndicatorFormElement","version":0,"data":[]},"reload":{"id":"reload","type":"ide\\formats\\form\\elements\\ButtonFormElement","version":0,"data":[]},"newtab":{"id":"newtab","type":"ide\\formats\\form\\elements\\ButtonFormElement","version":0,"data":[]},"panel":{"id":"panel","type":"ide\\formats\\form\\elements\\PanelFormElement","version":0,"data":[]}}},"src/app/modules/appmodule.php":{"_objects":[]},"src/app/modules/mainmodule.php":{"_objects":[]}}