{"src/app/forms/add_clients.php":{"_objects":{"add_client":{"id":"add_client","type":"ide\\formats\\form\\elements\\ButtonFormElement","version":0,"data":[]},"company":{"id":"company","type":"ide\\formats\\form\\elements\\TextFieldFormElement","version":0,"data":[]},"city":{"id":"city","type":"ide\\formats\\form\\elements\\TextFieldFormElement","version":0,"data":[]},"address":{"id":"address","type":"ide\\formats\\form\\elements\\TextFieldFormElement","version":0,"data":[]},"people":{"id":"people","type":"ide\\formats\\form\\elements\\TextFieldFormElement","version":0,"data":[]},"people_position":{"id":"people_position","type":"ide\\formats\\form\\elements\\TextFieldFormElement","version":0,"data":[]},"phone":{"id":"phone","type":"ide\\formats\\form\\elements\\TextFieldFormElement","version":0,"data":[]},"inn":{"id":"inn","type":"ide\\formats\\form\\elements\\TextFieldFormElement","version":0,"data":[]},"ogrn":{"id":"ogrn","type":"ide\\formats\\form\\elements\\TextFieldFormElement","version":0,"data":[]},"bank_name":{"id":"bank_name","type":"ide\\formats\\form\\elements\\TextFieldFormElement","version":0,"data":[]},"bank_account":{"id":"bank_account","type":"ide\\formats\\form\\elements\\TextFieldFormElement","version":0,"data":[]},"separator":{"id":"separator","type":"ide\\formats\\form\\elements\\SeparatorFormElement","version":0,"data":[]},"label":{"id":"label","type":"ide\\formats\\form\\elements\\LabelFormElement","version":0,"data":[]},"labelAlt":{"id":"labelAlt","type":"ide\\formats\\form\\elements\\LabelFormElement","version":0,"data":[]},"label3":{"id":"label3","type":"ide\\formats\\form\\elements\\LabelFormElement","version":0,"data":[]},"separatorAlt":{"id":"separatorAlt","type":"ide\\formats\\form\\elements\\SeparatorFormElement","version":0,"data":[]},"label4":{"id":"label4","type":"ide\\formats\\form\\elements\\LabelFormElement","version":0,"data":[]},"label5":{"id":"label5","type":"ide\\formats\\form\\elements\\LabelFormElement","version":0,"data":[]},"label6":{"id":"label6","type":"ide\\formats\\form\\elements\\LabelFormElement","version":0,"data":[]},"label7":{"id":"label7","type":"ide\\formats\\form\\elements\\LabelFormElement","version":0,"data":[]},"label8":{"id":"label8","type":"ide\\formats\\form\\elements\\LabelFormElement","version":0,"data":[]},"label9":{"id":"label9","type":"ide\\formats\\form\\elements\\LabelFormElement","version":0,"data":[]},"label10":{"id":"label10","type":"ide\\formats\\form\\elements\\LabelFormElement","version":0,"data":[]},"email":{"id":"email","type":"ide\\formats\\form\\elements\\TextFieldFormElement","version":0,"data":[]},"label11":{"id":"label11","type":"ide\\formats\\form\\elements\\LabelFormElement","version":0,"data":[]},"label12":{"id":"label12","type":"ide\\formats\\form\\elements\\LabelFormElement","version":0,"data":[]},"edit":{"id":"edit","type":"ide\\formats\\form\\elements\\TextFieldFormElement","version":0,"data":[]},"textArea":{"id":"textArea","type":"ide\\formats\\form\\elements\\TextAreaFormElement","version":0,"data":[]},"label13":{"id":"label13","type":"ide\\formats\\form\\elements\\LabelFormElement","version":0,"data":[]}}},"src/app/forms/add_documents.php":{"_objects":{"label7":{"id":"label7","type":"ide\\formats\\form\\elements\\LabelFormElement","version":0,"data":[]},"name_client":{"id":"name_client","type":"ide\\formats\\form\\elements\\TextFieldFormElement","version":0,"data":[]},"dialog_select_clients":{"id":"dialog_select_clients","type":"ide\\formats\\form\\elements\\ButtonFormElement","version":0,"data":[]},"add_new_document":{"id":"add_new_document","type":"ide\\formats\\form\\elements\\ButtonFormElement","version":0,"data":[]},"people":{"id":"people","type":"ide\\formats\\form\\elements\\TextFieldFormElement","version":0,"data":[]},"people_position":{"id":"people_position","type":"ide\\formats\\form\\elements\\TextFieldFormElement","version":0,"data":[]},"phone":{"id":"phone","type":"ide\\formats\\form\\elements\\TextFieldFormElement","version":0,"data":[]},"label6":{"id":"label6","type":"ide\\formats\\form\\elements\\LabelFormElement","version":0,"data":[]},"label8":{"id":"label8","type":"ide\\formats\\form\\elements\\LabelFormElement","version":0,"data":[]},"label9":{"id":"label9","type":"ide\\formats\\form\\elements\\LabelFormElement","version":0,"data":[]},"city":{"id":"city","type":"ide\\formats\\form\\elements\\TextFieldFormElement","version":0,"data":[]},"address":{"id":"address","type":"ide\\formats\\form\\elements\\TextFieldFormElement","version":0,"data":[]},"label10":{"id":"label10","type":"ide\\formats\\form\\elements\\LabelFormElement","version":0,"data":[]}}},"src/app/forms/add_edit_category_item.php":{"_objects":{"edit":{"id":"edit","type":"ide\\formats\\form\\elements\\TextFieldFormElement","version":0,"data":[]},"button":{"id":"button","type":"ide\\formats\\form\\elements\\ButtonFormElement","version":0,"data":[]},"label":{"id":"label","type":"ide\\formats\\form\\elements\\LabelFormElement","version":0,"data":[]},"checkbox":{"id":"checkbox","type":"ide\\formats\\form\\elements\\CheckboxFormElement","version":0,"data":[]}}},"src/app/forms/add_pay_document.php":{"_objects":{"image":{"id":"image","type":"ide\\formats\\form\\elements\\ImageViewFormElement","version":0,"data":{"image":".data/img/money_bag.png"}},"label3":{"id":"label3","type":"ide\\formats\\form\\elements\\LabelFormElement","version":0,"data":[]},"panel":{"id":"panel","type":"ide\\formats\\form\\elements\\PanelFormElement","version":0,"data":[]},"input_pay_summ":{"id":"input_pay_summ","type":"ide\\formats\\form\\elements\\TextFieldFormElement","version":0,"data":[]},"button":{"id":"button","type":"ide\\formats\\form\\elements\\ButtonFormElement","version":0,"data":[]},"label":{"id":"label","type":"ide\\formats\\form\\elements\\LabelFormElement","version":0,"data":[]},"text_num_document":{"id":"text_num_document","type":"ide\\formats\\form\\elements\\LabelFormElement","version":0,"data":[]},"input_pay_comment":{"id":"input_pay_comment","type":"ide\\formats\\form\\elements\\TextAreaFormElement","version":0,"data":[]},"labelAlt":{"id":"labelAlt","type":"ide\\formats\\form\\elements\\LabelFormElement","version":0,"data":[]},"text_full_summ_closed":{"id":"text_full_summ_closed","type":"ide\\formats\\form\\elements\\LabelFormElement","version":0,"data":[]}}},"src/app/forms/add_products.php":{"_objects":{"add_product":{"id":"add_product","type":"ide\\formats\\form\\elements\\ButtonFormElement","version":0,"data":[]},"name":{"id":"name","type":"ide\\formats\\form\\elements\\TextFieldFormElement","version":0,"data":[]},"vendor_code":{"id":"vendor_code","type":"ide\\formats\\form\\elements\\TextFieldFormElement","version":0,"data":[]},"separator":{"id":"separator","type":"ide\\formats\\form\\elements\\SeparatorFormElement","version":0,"data":[]},"info":{"id":"info","type":"ide\\formats\\form\\elements\\TextAreaFormElement","version":0,"data":[]},"separatorAlt":{"id":"separatorAlt","type":"ide\\formats\\form\\elements\\SeparatorFormElement","version":0,"data":[]},"name_vendor":{"id":"name_vendor","type":"ide\\formats\\form\\elements\\TextFieldFormElement","version":0,"data":[]},"dialog_select_vendors":{"id":"dialog_select_vendors","type":"ide\\formats\\form\\elements\\ButtonFormElement","version":0,"data":[]},"label":{"id":"label","type":"ide\\formats\\form\\elements\\LabelFormElement","version":0,"data":[]},"labelAlt":{"id":"labelAlt","type":"ide\\formats\\form\\elements\\LabelFormElement","version":0,"data":[]},"label3":{"id":"label3","type":"ide\\formats\\form\\elements\\LabelFormElement","version":0,"data":[]},"price":{"id":"price","type":"ide\\formats\\form\\elements\\TextFieldFormElement","version":0,"data":[]},"percent":{"id":"percent","type":"ide\\formats\\form\\elements\\TextFieldFormElement","version":0,"data":[]},"in_the_package":{"id":"in_the_package","type":"ide\\formats\\form\\elements\\TextFieldFormElement","version":0,"data":[]},"label4":{"id":"label4","type":"ide\\formats\\form\\elements\\LabelFormElement","version":0,"data":[]},"label5":{"id":"label5","type":"ide\\formats\\form\\elements\\LabelFormElement","version":0,"data":[]},"label6":{"id":"label6","type":"ide\\formats\\form\\elements\\LabelFormElement","version":0,"data":[]},"label8":{"id":"label8","type":"ide\\formats\\form\\elements\\LabelFormElement","version":0,"data":[]},"label9":{"id":"label9","type":"ide\\formats\\form\\elements\\LabelFormElement","version":0,"data":[]},"label10":{"id":"label10","type":"ide\\formats\\form\\elements\\LabelFormElement","version":0,"data":[]},"count":{"id":"count","type":"ide\\formats\\form\\elements\\TextFieldFormElement","version":0,"data":[]},"tree":{"id":"tree","type":"ide\\formats\\form\\elements\\TreeViewFormElement","version":0,"data":[]},"label11":{"id":"label11","type":"ide\\formats\\form\\elements\\LabelFormElement","version":0,"data":[]}}},"src/app/forms/add_products_document.php":{"_objects":{"table_products":{"id":"table_products","type":"ide\\formats\\form\\elements\\TableViewFormElement","version":0,"data":[]},"name_vendor":{"id":"name_vendor","type":"ide\\formats\\form\\elements\\TextFieldFormElement","version":0,"data":[]},"dialog_select_vendors":{"id":"dialog_select_vendors","type":"ide\\formats\\form\\elements\\ButtonFormElement","version":0,"data":[]},"text_search_product":{"id":"text_search_product","type":"ide\\formats\\form\\elements\\TextFieldFormElement","version":0,"data":[]},"search_product":{"id":"search_product","type":"ide\\formats\\form\\elements\\ButtonFormElement","version":0,"data":[]},"tree":{"id":"tree","type":"ide\\formats\\form\\elements\\TreeViewFormElement","version":0,"data":[]}}},"src/app/forms/add_services.php":{"_objects":{"button":{"id":"button","type":"ide\\formats\\form\\elements\\ButtonFormElement","version":0,"data":[]},"edit":{"id":"edit","type":"ide\\formats\\form\\elements\\TextFieldFormElement","version":0,"data":[]},"editAlt":{"id":"editAlt","type":"ide\\formats\\form\\elements\\TextFieldFormElement","version":0,"data":[]},"textArea":{"id":"textArea","type":"ide\\formats\\form\\elements\\TextAreaFormElement","version":0,"data":[]},"label":{"id":"label","type":"ide\\formats\\form\\elements\\LabelFormElement","version":0,"data":[]},"labelAlt":{"id":"labelAlt","type":"ide\\formats\\form\\elements\\LabelFormElement","version":0,"data":[]}}},"src/app/forms/add_users.php":{"_objects":{"first_name":{"id":"first_name","type":"ide\\formats\\form\\elements\\TextFieldFormElement","version":0,"data":[]},"last_name":{"id":"last_name","type":"ide\\formats\\form\\elements\\TextFieldFormElement","version":0,"data":[]},"mail":{"id":"mail","type":"ide\\formats\\form\\elements\\TextFieldFormElement","version":0,"data":[]},"permission":{"id":"permission","type":"ide\\formats\\form\\elements\\ComboBoxFormElement","version":0,"data":[]},"add_user":{"id":"add_user","type":"ide\\formats\\form\\elements\\ButtonFormElement","version":0,"data":[]},"password":{"id":"password","type":"ide\\formats\\form\\elements\\TextFieldFormElement","version":0,"data":[]},"retry_password":{"id":"retry_password","type":"ide\\formats\\form\\elements\\TextFieldFormElement","version":0,"data":[]},"edit":{"id":"edit","type":"ide\\formats\\form\\elements\\TextFieldFormElement","version":0,"data":[]}}},"src/app/forms/add_vendors.php":{"_objects":{"add_vendor":{"id":"add_vendor","type":"ide\\formats\\form\\elements\\ButtonFormElement","version":0,"data":[]},"company":{"id":"company","type":"ide\\formats\\form\\elements\\TextFieldFormElement","version":0,"data":[]},"city":{"id":"city","type":"ide\\formats\\form\\elements\\TextFieldFormElement","version":0,"data":[]},"address":{"id":"address","type":"ide\\formats\\form\\elements\\TextFieldFormElement","version":0,"data":[]},"people":{"id":"people","type":"ide\\formats\\form\\elements\\TextFieldFormElement","version":0,"data":[]},"people_position":{"id":"people_position","type":"ide\\formats\\form\\elements\\TextFieldFormElement","version":0,"data":[]},"phone":{"id":"phone","type":"ide\\formats\\form\\elements\\TextFieldFormElement","version":0,"data":[]},"inn":{"id":"inn","type":"ide\\formats\\form\\elements\\TextFieldFormElement","version":0,"data":[]},"ogrn":{"id":"ogrn","type":"ide\\formats\\form\\elements\\TextFieldFormElement","version":0,"data":[]},"bank_name":{"id":"bank_name","type":"ide\\formats\\form\\elements\\TextFieldFormElement","version":0,"data":[]},"bank_account":{"id":"bank_account","type":"ide\\formats\\form\\elements\\TextFieldFormElement","version":0,"data":[]},"separator":{"id":"separator","type":"ide\\formats\\form\\elements\\SeparatorFormElement","version":0,"data":[]},"label":{"id":"label","type":"ide\\formats\\form\\elements\\LabelFormElement","version":0,"data":[]},"labelAlt":{"id":"labelAlt","type":"ide\\formats\\form\\elements\\LabelFormElement","version":0,"data":[]},"label3":{"id":"label3","type":"ide\\formats\\form\\elements\\LabelFormElement","version":0,"data":[]},"label4":{"id":"label4","type":"ide\\formats\\form\\elements\\LabelFormElement","version":0,"data":[]},"label5":{"id":"label5","type":"ide\\formats\\form\\elements\\LabelFormElement","version":0,"data":[]},"label6":{"id":"label6","type":"ide\\formats\\form\\elements\\LabelFormElement","version":0,"data":[]},"label7":{"id":"label7","type":"ide\\formats\\form\\elements\\LabelFormElement","version":0,"data":[]},"label8":{"id":"label8","type":"ide\\formats\\form\\elements\\LabelFormElement","version":0,"data":[]},"label9":{"id":"label9","type":"ide\\formats\\form\\elements\\LabelFormElement","version":0,"data":[]},"label10":{"id":"label10","type":"ide\\formats\\form\\elements\\LabelFormElement","version":0,"data":[]},"email":{"id":"email","type":"ide\\formats\\form\\elements\\TextFieldFormElement","version":0,"data":[]},"label11":{"id":"label11","type":"ide\\formats\\form\\elements\\LabelFormElement","version":0,"data":[]},"separator3":{"id":"separator3","type":"ide\\formats\\form\\elements\\SeparatorFormElement","version":0,"data":[]},"textArea":{"id":"textArea","type":"ide\\formats\\form\\elements\\TextAreaFormElement","version":0,"data":[]},"label13":{"id":"label13","type":"ide\\formats\\form\\elements\\LabelFormElement","version":0,"data":[]}}},"src/app/forms/enter_count.php":{"_objects":{"enter_count":{"id":"enter_count","type":"ide\\formats\\form\\elements\\TextFieldFormElement","version":0,"data":[]},"button":{"id":"button","type":"ide\\formats\\form\\elements\\ButtonFormElement","version":0,"data":[]},"edit":{"id":"edit","type":"ide\\formats\\form\\elements\\TextFieldFormElement","version":0,"data":[]},"label":{"id":"label","type":"ide\\formats\\form\\elements\\LabelFormElement","version":0,"data":[]},"labelAlt":{"id":"labelAlt","type":"ide\\formats\\form\\elements\\LabelFormElement","version":0,"data":[]}}},"src/app/forms/login.php":{"_objects":{"login":{"id":"login","type":"ide\\formats\\form\\elements\\ButtonFormElement","version":0,"data":[]},"label":{"id":"label","type":"ide\\formats\\form\\elements\\LabelFormElement","version":0,"data":[]},"labelAlt":{"id":"labelAlt","type":"ide\\formats\\form\\elements\\LabelFormElement","version":0,"data":[]},"password":{"id":"password","type":"ide\\formats\\form\\elements\\PasswordFieldFormElement","version":0,"data":[]},"email":{"id":"email","type":"ide\\formats\\form\\elements\\TextFieldFormElement","version":0,"data":[]},"button":{"id":"button","type":"ide\\formats\\form\\elements\\ButtonFormElement","version":0,"data":[]},"label3":{"id":"label3","type":"ide\\formats\\form\\elements\\LabelFormElement","version":0,"data":[]}}},"src/app/forms/open_clients.php":{"_objects":{"save_client":{"id":"save_client","type":"ide\\formats\\form\\elements\\ButtonFormElement","version":0,"data":[]},"block_clients":{"id":"block_clients","type":"ide\\formats\\form\\elements\\ButtonFormElement","version":0,"data":[]},"company":{"id":"company","type":"ide\\formats\\form\\elements\\TextFieldFormElement","version":0,"data":[]},"city":{"id":"city","type":"ide\\formats\\form\\elements\\TextFieldFormElement","version":0,"data":[]},"address":{"id":"address","type":"ide\\formats\\form\\elements\\TextFieldFormElement","version":0,"data":[]},"people":{"id":"people","type":"ide\\formats\\form\\elements\\TextFieldFormElement","version":0,"data":[]},"people_position":{"id":"people_position","type":"ide\\formats\\form\\elements\\TextFieldFormElement","version":0,"data":[]},"phone":{"id":"phone","type":"ide\\formats\\form\\elements\\TextFieldFormElement","version":0,"data":[]},"inn":{"id":"inn","type":"ide\\formats\\form\\elements\\TextFieldFormElement","version":0,"data":[]},"ogrn":{"id":"ogrn","type":"ide\\formats\\form\\elements\\TextFieldFormElement","version":0,"data":[]},"bank_name":{"id":"bank_name","type":"ide\\formats\\form\\elements\\TextFieldFormElement","version":0,"data":[]},"bank_account":{"id":"bank_account","type":"ide\\formats\\form\\elements\\TextFieldFormElement","version":0,"data":[]},"separator":{"id":"separator","type":"ide\\formats\\form\\elements\\SeparatorFormElement","version":0,"data":[]},"label":{"id":"label","type":"ide\\formats\\form\\elements\\LabelFormElement","version":0,"data":[]},"labelAlt":{"id":"labelAlt","type":"ide\\formats\\form\\elements\\LabelFormElement","version":0,"data":[]},"label3":{"id":"label3","type":"ide\\formats\\form\\elements\\LabelFormElement","version":0,"data":[]},"separatorAlt":{"id":"separatorAlt","type":"ide\\formats\\form\\elements\\SeparatorFormElement","version":0,"data":[]},"label4":{"id":"label4","type":"ide\\formats\\form\\elements\\LabelFormElement","version":0,"data":[]},"label5":{"id":"label5","type":"ide\\formats\\form\\elements\\LabelFormElement","version":0,"data":[]},"label6":{"id":"label6","type":"ide\\formats\\form\\elements\\LabelFormElement","version":0,"data":[]},"label7":{"id":"label7","type":"ide\\formats\\form\\elements\\LabelFormElement","version":0,"data":[]},"label8":{"id":"label8","type":"ide\\formats\\form\\elements\\LabelFormElement","version":0,"data":[]},"label9":{"id":"label9","type":"ide\\formats\\form\\elements\\LabelFormElement","version":0,"data":[]},"label10":{"id":"label10","type":"ide\\formats\\form\\elements\\LabelFormElement","version":0,"data":[]},"email":{"id":"email","type":"ide\\formats\\form\\elements\\TextFieldFormElement","version":0,"data":[]},"label11":{"id":"label11","type":"ide\\formats\\form\\elements\\LabelFormElement","version":0,"data":[]},"edit":{"id":"edit","type":"ide\\formats\\form\\elements\\TextFieldFormElement","version":0,"data":[]},"label12":{"id":"label12","type":"ide\\formats\\form\\elements\\LabelFormElement","version":0,"data":[]},"textArea":{"id":"textArea","type":"ide\\formats\\form\\elements\\TextAreaFormElement","version":0,"data":[]},"label13":{"id":"label13","type":"ide\\formats\\form\\elements\\LabelFormElement","version":0,"data":[]}}},"src/app/forms/open_documents.php":{"_objects":{"text_paids_document":{"id":"text_paids_document","type":"ide\\formats\\form\\elements\\LabelFormElement","version":0,"data":[]},"label11":{"id":"label11","type":"ide\\formats\\form\\elements\\LabelFormElement","version":0,"data":[]},"text_summ_document":{"id":"text_summ_document","type":"ide\\formats\\form\\elements\\LabelFormElement","version":0,"data":[]},"label12":{"id":"label12","type":"ide\\formats\\form\\elements\\LabelFormElement","version":0,"data":[]},"panel_pay_doc":{"id":"panel_pay_doc","type":"ide\\formats\\form\\elements\\PanelFormElement","version":0,"data":[]},"code_document":{"id":"code_document","type":"ide\\formats\\form\\elements\\TextFieldFormElement","version":0,"data":[]},"label":{"id":"label","type":"ide\\formats\\form\\elements\\LabelFormElement","version":0,"data":[]},"date_create":{"id":"date_create","type":"ide\\formats\\form\\elements\\DatePickerFormElement","version":0,"data":[]},"date_edited":{"id":"date_edited","type":"ide\\formats\\form\\elements\\DatePickerFormElement","version":0,"data":[]},"date_delivery":{"id":"date_delivery","type":"ide\\formats\\form\\elements\\DatePickerFormElement","version":0,"data":[]},"labelAlt":{"id":"labelAlt","type":"ide\\formats\\form\\elements\\LabelFormElement","version":0,"data":[]},"label3":{"id":"label3","type":"ide\\formats\\form\\elements\\LabelFormElement","version":0,"data":[]},"label4":{"id":"label4","type":"ide\\formats\\form\\elements\\LabelFormElement","version":0,"data":[]},"comment":{"id":"comment","type":"ide\\formats\\form\\elements\\TextAreaFormElement","version":0,"data":[]},"label7":{"id":"label7","type":"ide\\formats\\form\\elements\\LabelFormElement","version":0,"data":[]},"name_client":{"id":"name_client","type":"ide\\formats\\form\\elements\\TextFieldFormElement","version":0,"data":[]},"dialog_select_clients":{"id":"dialog_select_clients","type":"ide\\formats\\form\\elements\\ButtonFormElement","version":0,"data":[]},"people":{"id":"people","type":"ide\\formats\\form\\elements\\TextFieldFormElement","version":0,"data":[]},"people_position":{"id":"people_position","type":"ide\\formats\\form\\elements\\TextFieldFormElement","version":0,"data":[]},"phone":{"id":"phone","type":"ide\\formats\\form\\elements\\TextFieldFormElement","version":0,"data":[]},"label6":{"id":"label6","type":"ide\\formats\\form\\elements\\LabelFormElement","version":0,"data":[]},"label8":{"id":"label8","type":"ide\\formats\\form\\elements\\LabelFormElement","version":0,"data":[]},"label9":{"id":"label9","type":"ide\\formats\\form\\elements\\LabelFormElement","version":0,"data":[]},"save_document":{"id":"save_document","type":"ide\\formats\\form\\elements\\ButtonFormElement","version":0,"data":[]},"unset_document":{"id":"unset_document","type":"ide\\formats\\form\\elements\\ButtonFormElement","version":0,"data":[]},"dialog_adds_product_to":{"id":"dialog_adds_product_to","type":"ide\\formats\\form\\elements\\ButtonFormElement","version":0,"data":[]},"print_document":{"id":"print_document","type":"ide\\formats\\form\\elements\\ButtonFormElement","version":0,"data":[]},"save_delivery":{"id":"save_delivery","type":"ide\\formats\\form\\elements\\ButtonFormElement","version":0,"data":[]},"save_pay":{"id":"save_pay","type":"ide\\formats\\form\\elements\\ButtonFormElement","version":0,"data":[]},"button":{"id":"button","type":"ide\\formats\\form\\elements\\ButtonFormElement","version":0,"data":[]},"table_products_document":{"id":"table_products_document","type":"ide\\formats\\form\\elements\\TableViewFormElement","version":0,"data":[]}}},"src/app/forms/open_pay.php":{"_objects":{"image":{"id":"image","type":"ide\\formats\\form\\elements\\ImageViewFormElement","version":0,"data":{"image":".data/img/money_bag.png"}},"panel":{"id":"panel","type":"ide\\formats\\form\\elements\\PanelFormElement","version":0,"data":[]},"button":{"id":"button","type":"ide\\formats\\form\\elements\\ButtonFormElement","version":0,"data":[]},"input_pay_summ":{"id":"input_pay_summ","type":"ide\\formats\\form\\elements\\TextFieldFormElement","version":0,"data":[]},"input_pay_comment":{"id":"input_pay_comment","type":"ide\\formats\\form\\elements\\TextAreaFormElement","version":0,"data":[]},"buttonAlt":{"id":"buttonAlt","type":"ide\\formats\\form\\elements\\ButtonFormElement","version":0,"data":[]},"label":{"id":"label","type":"ide\\formats\\form\\elements\\LabelFormElement","version":0,"data":[]},"client":{"id":"client","type":"ide\\formats\\form\\elements\\LabelFormElement","version":0,"data":[]},"labelAlt":{"id":"labelAlt","type":"ide\\formats\\form\\elements\\LabelFormElement","version":0,"data":[]},"label3":{"id":"label3","type":"ide\\formats\\form\\elements\\LabelFormElement","version":0,"data":[]}}},"src/app/forms/open_products.php":{"_objects":{"name":{"id":"name","type":"ide\\formats\\form\\elements\\TextFieldFormElement","version":0,"data":[]},"vendor_code":{"id":"vendor_code","type":"ide\\formats\\form\\elements\\TextFieldFormElement","version":0,"data":[]},"separator":{"id":"separator","type":"ide\\formats\\form\\elements\\SeparatorFormElement","version":0,"data":[]},"price":{"id":"price","type":"ide\\formats\\form\\elements\\TextFieldFormElement","version":0,"data":[]},"percent":{"id":"percent","type":"ide\\formats\\form\\elements\\TextFieldFormElement","version":0,"data":[]},"in_the_package":{"id":"in_the_package","type":"ide\\formats\\form\\elements\\TextFieldFormElement","version":0,"data":[]},"info":{"id":"info","type":"ide\\formats\\form\\elements\\TextAreaFormElement","version":0,"data":[]},"separatorAlt":{"id":"separatorAlt","type":"ide\\formats\\form\\elements\\SeparatorFormElement","version":0,"data":[]},"save_product":{"id":"save_product","type":"ide\\formats\\form\\elements\\ButtonFormElement","version":0,"data":[]},"name_vendor":{"id":"name_vendor","type":"ide\\formats\\form\\elements\\TextFieldFormElement","version":0,"data":[]},"dialog_select_vendors":{"id":"dialog_select_vendors","type":"ide\\formats\\form\\elements\\ButtonFormElement","version":0,"data":[]},"archive_product":{"id":"archive_product","type":"ide\\formats\\form\\elements\\ButtonFormElement","version":0,"data":[]},"label":{"id":"label","type":"ide\\formats\\form\\elements\\LabelFormElement","version":0,"data":[]},"labelAlt":{"id":"labelAlt","type":"ide\\formats\\form\\elements\\LabelFormElement","version":0,"data":[]},"label3":{"id":"label3","type":"ide\\formats\\form\\elements\\LabelFormElement","version":0,"data":[]},"label4":{"id":"label4","type":"ide\\formats\\form\\elements\\LabelFormElement","version":0,"data":[]},"label5":{"id":"label5","type":"ide\\formats\\form\\elements\\LabelFormElement","version":0,"data":[]},"label6":{"id":"label6","type":"ide\\formats\\form\\elements\\LabelFormElement","version":0,"data":[]},"code":{"id":"code","type":"ide\\formats\\form\\elements\\TextFieldFormElement","version":0,"data":[]},"label7":{"id":"label7","type":"ide\\formats\\form\\elements\\LabelFormElement","version":0,"data":[]},"label8":{"id":"label8","type":"ide\\formats\\form\\elements\\LabelFormElement","version":0,"data":[]},"label9":{"id":"label9","type":"ide\\formats\\form\\elements\\LabelFormElement","version":0,"data":[]},"count":{"id":"count","type":"ide\\formats\\form\\elements\\TextFieldFormElement","version":0,"data":[]},"label10":{"id":"label10","type":"ide\\formats\\form\\elements\\LabelFormElement","version":0,"data":[]},"tree":{"id":"tree","type":"ide\\formats\\form\\elements\\TreeViewFormElement","version":0,"data":[]},"label11":{"id":"label11","type":"ide\\formats\\form\\elements\\LabelFormElement","version":0,"data":[]}}},"src/app/forms/open_users.php":{"_objects":{"first_name":{"id":"first_name","type":"ide\\formats\\form\\elements\\TextFieldFormElement","version":0,"data":[]},"last_name":{"id":"last_name","type":"ide\\formats\\form\\elements\\TextFieldFormElement","version":0,"data":[]},"mail":{"id":"mail","type":"ide\\formats\\form\\elements\\TextFieldFormElement","version":0,"data":[]},"permission":{"id":"permission","type":"ide\\formats\\form\\elements\\ComboBoxFormElement","version":0,"data":[]},"save_user":{"id":"save_user","type":"ide\\formats\\form\\elements\\ButtonFormElement","version":0,"data":[]},"password":{"id":"password","type":"ide\\formats\\form\\elements\\TextFieldFormElement","version":0,"data":[]},"retry_password":{"id":"retry_password","type":"ide\\formats\\form\\elements\\TextFieldFormElement","version":0,"data":[]},"button":{"id":"button","type":"ide\\formats\\form\\elements\\ButtonFormElement","version":0,"data":[]},"edit":{"id":"edit","type":"ide\\formats\\form\\elements\\TextFieldFormElement","version":0,"data":[]}}},"src/app/forms/open_vendors.php":{"_objects":{"company":{"id":"company","type":"ide\\formats\\form\\elements\\TextFieldFormElement","version":0,"data":[]},"city":{"id":"city","type":"ide\\formats\\form\\elements\\TextFieldFormElement","version":0,"data":[]},"address":{"id":"address","type":"ide\\formats\\form\\elements\\TextFieldFormElement","version":0,"data":[]},"people":{"id":"people","type":"ide\\formats\\form\\elements\\TextFieldFormElement","version":0,"data":[]},"people_position":{"id":"people_position","type":"ide\\formats\\form\\elements\\TextFieldFormElement","version":0,"data":[]},"phone":{"id":"phone","type":"ide\\formats\\form\\elements\\TextFieldFormElement","version":0,"data":[]},"inn":{"id":"inn","type":"ide\\formats\\form\\elements\\TextFieldFormElement","version":0,"data":[]},"ogrn":{"id":"ogrn","type":"ide\\formats\\form\\elements\\TextFieldFormElement","version":0,"data":[]},"bank_name":{"id":"bank_name","type":"ide\\formats\\form\\elements\\TextFieldFormElement","version":0,"data":[]},"bank_account":{"id":"bank_account","type":"ide\\formats\\form\\elements\\TextFieldFormElement","version":0,"data":[]},"save_vendor":{"id":"save_vendor","type":"ide\\formats\\form\\elements\\ButtonFormElement","version":0,"data":[]},"separator":{"id":"separator","type":"ide\\formats\\form\\elements\\SeparatorFormElement","version":0,"data":[]},"label":{"id":"label","type":"ide\\formats\\form\\elements\\LabelFormElement","version":0,"data":[]},"labelAlt":{"id":"labelAlt","type":"ide\\formats\\form\\elements\\LabelFormElement","version":0,"data":[]},"label3":{"id":"label3","type":"ide\\formats\\form\\elements\\LabelFormElement","version":0,"data":[]},"label4":{"id":"label4","type":"ide\\formats\\form\\elements\\LabelFormElement","version":0,"data":[]},"label5":{"id":"label5","type":"ide\\formats\\form\\elements\\LabelFormElement","version":0,"data":[]},"label6":{"id":"label6","type":"ide\\formats\\form\\elements\\LabelFormElement","version":0,"data":[]},"label7":{"id":"label7","type":"ide\\formats\\form\\elements\\LabelFormElement","version":0,"data":[]},"label8":{"id":"label8","type":"ide\\formats\\form\\elements\\LabelFormElement","version":0,"data":[]},"label9":{"id":"label9","type":"ide\\formats\\form\\elements\\LabelFormElement","version":0,"data":[]},"label10":{"id":"label10","type":"ide\\formats\\form\\elements\\LabelFormElement","version":0,"data":[]},"block_vendors":{"id":"block_vendors","type":"ide\\formats\\form\\elements\\ButtonFormElement","version":0,"data":[]},"email":{"id":"email","type":"ide\\formats\\form\\elements\\TextFieldFormElement","version":0,"data":[]},"label11":{"id":"label11","type":"ide\\formats\\form\\elements\\LabelFormElement","version":0,"data":[]},"separator3":{"id":"separator3","type":"ide\\formats\\form\\elements\\SeparatorFormElement","version":0,"data":[]},"textArea":{"id":"textArea","type":"ide\\formats\\form\\elements\\TextAreaFormElement","version":0,"data":[]},"label13":{"id":"label13","type":"ide\\formats\\form\\elements\\LabelFormElement","version":0,"data":[]}}},"src/app/forms/ordering_provider.php":{"_objects":{"dateEdit":{"id":"dateEdit","type":"ide\\formats\\form\\elements\\DatePickerFormElement","version":0,"data":[]},"dateEditAlt":{"id":"dateEditAlt","type":"ide\\formats\\form\\elements\\DatePickerFormElement","version":0,"data":[]},"table_documents":{"id":"table_documents","type":"ide\\formats\\form\\elements\\TableViewFormElement","version":0,"data":[]},"button":{"id":"button","type":"ide\\formats\\form\\elements\\ButtonFormElement","version":0,"data":[]},"label":{"id":"label","type":"ide\\formats\\form\\elements\\LabelFormElement","version":0,"data":[]},"name_vendor":{"id":"name_vendor","type":"ide\\formats\\form\\elements\\TextFieldFormElement","version":0,"data":[]},"dialog_select_vendors":{"id":"dialog_select_vendors","type":"ide\\formats\\form\\elements\\ButtonFormElement","version":0,"data":[]},"button3":{"id":"button3","type":"ide\\formats\\form\\elements\\ButtonFormElement","version":0,"data":[]}}},"src/app/forms/rename_category.php":{"_objects":{"edit":{"id":"edit","type":"ide\\formats\\form\\elements\\TextFieldFormElement","version":0,"data":[]},"button":{"id":"button","type":"ide\\formats\\form\\elements\\ButtonFormElement","version":0,"data":[]}}},"src/app/forms/select_clients.php":{"_objects":{"table_clients":{"id":"table_clients","type":"ide\\formats\\form\\elements\\TableViewFormElement","version":0,"data":[]}}},"src/app/forms/select_tree_item.php":{"_objects":{"tree":{"id":"tree","type":"ide\\formats\\form\\elements\\TreeViewFormElement","version":0,"data":[]}}},"src/app/forms/select_type_report.php":{"_objects":{"combobox":{"id":"combobox","type":"ide\\formats\\form\\elements\\ComboBoxFormElement","version":0,"data":[]},"label":{"id":"label","type":"ide\\formats\\form\\elements\\LabelFormElement","version":0,"data":[]},"button":{"id":"button","type":"ide\\formats\\form\\elements\\ButtonFormElement","version":0,"data":[]}}},"src/app/forms/select_users.php":{"_objects":{"table_users":{"id":"table_users","type":"ide\\formats\\form\\elements\\TableViewFormElement","version":0,"data":[]}}},"src/app/forms/select_vendors.php":{"_objects":{"table_vendors":{"id":"table_vendors","type":"ide\\formats\\form\\elements\\TableViewFormElement","version":0,"data":[]}}},"src/app/forms/settings.php":{"_objects":{"button":{"id":"button","type":"ide\\formats\\form\\elements\\ButtonFormElement","version":0,"data":[]},"table_users":{"id":"table_users","type":"ide\\formats\\form\\elements\\TableViewFormElement","version":0,"data":[]},"save_server_url_path":{"id":"save_server_url_path","type":"ide\\formats\\form\\elements\\ButtonFormElement","version":0,"data":[]},"server_url_path":{"id":"server_url_path","type":"ide\\formats\\form\\elements\\TextFieldFormElement","version":0,"data":[]},"image":{"id":"image","type":"ide\\formats\\form\\elements\\ImageViewFormElement","version":0,"data":{"image":".data/img/database.png"}},"labelAlt":{"id":"labelAlt","type":"ide\\formats\\form\\elements\\LabelFormElement","version":0,"data":[]},"imageAlt":{"id":"imageAlt","type":"ide\\formats\\form\\elements\\ImageViewFormElement","version":0,"data":{"image":".data/img/key2.png"}},"edit":{"id":"edit","type":"ide\\formats\\form\\elements\\TextFieldFormElement","version":0,"data":[]},"buttonAlt":{"id":"buttonAlt","type":"ide\\formats\\form\\elements\\ButtonFormElement","version":0,"data":[]},"label":{"id":"label","type":"ide\\formats\\form\\elements\\LabelFormElement","version":0,"data":[]},"label3":{"id":"label3","type":"ide\\formats\\form\\elements\\LabelFormElement","version":0,"data":[]},"editAlt":{"id":"editAlt","type":"ide\\formats\\form\\elements\\TextFieldFormElement","version":0,"data":[]},"image3":{"id":"image3","type":"ide\\formats\\form\\elements\\ImageViewFormElement","version":0,"data":{"image":".data/img/card-address.png"}},"panel":{"id":"panel","type":"ide\\formats\\form\\elements\\PanelFormElement","version":0,"data":[]},"checkbox":{"id":"checkbox","type":"ide\\formats\\form\\elements\\CheckboxFormElement","version":0,"data":[]},"SettingTab":{"id":"SettingTab","type":"ide\\formats\\form\\elements\\TabPaneFormElement","version":0,"data":[]}}},"src/app/forms/window.php":{"_objects":{"label14":{"id":"label14","type":"ide\\formats\\form\\elements\\LabelFormElement","version":0,"data":[]},"labelAlt":{"id":"labelAlt","type":"ide\\formats\\form\\elements\\LabelFormElement","version":0,"data":[]},"button8":{"id":"button8","type":"ide\\formats\\form\\elements\\ButtonFormElement","version":0,"data":[]},"panel7":{"id":"panel7","type":"ide\\formats\\form\\elements\\PanelFormElement","version":0,"data":[]},"table_vendors":{"id":"table_vendors","type":"ide\\formats\\form\\elements\\TableViewFormElement","version":0,"data":[]},"new_vendor_dialog":{"id":"new_vendor_dialog","type":"ide\\formats\\form\\elements\\ButtonFormElement","version":0,"data":[]},"search_vendor":{"id":"search_vendor","type":"ide\\formats\\form\\elements\\ButtonFormElement","version":0,"data":[]},"text_search_vendor":{"id":"text_search_vendor","type":"ide\\formats\\form\\elements\\TextFieldFormElement","version":0,"data":[]},"toggle_block_vendors":{"id":"toggle_block_vendors","type":"ide\\formats\\form\\elements\\CheckboxFormElement","version":0,"data":[]},"new_product_dialog":{"id":"new_product_dialog","type":"ide\\formats\\form\\elements\\ButtonFormElement","version":0,"data":[]},"text_search_product":{"id":"text_search_product","type":"ide\\formats\\form\\elements\\TextFieldFormElement","version":0,"data":[]},"search_product":{"id":"search_product","type":"ide\\formats\\form\\elements\\ButtonFormElement","version":0,"data":[]},"table_products":{"id":"table_products","type":"ide\\formats\\form\\elements\\TableViewFormElement","version":0,"data":[]},"toggle_archive_products":{"id":"toggle_archive_products","type":"ide\\formats\\form\\elements\\CheckboxFormElement","version":0,"data":[]},"dialog_select_vendors":{"id":"dialog_select_vendors","type":"ide\\formats\\form\\elements\\ButtonFormElement","version":0,"data":[]},"name_vendor":{"id":"name_vendor","type":"ide\\formats\\form\\elements\\TextFieldFormElement","version":0,"data":[]},"tree":{"id":"tree","type":"ide\\formats\\form\\elements\\TreeViewFormElement","version":0,"data":[]},"button5":{"id":"button5","type":"ide\\formats\\form\\elements\\ButtonFormElement","version":0,"data":[]},"button7":{"id":"button7","type":"ide\\formats\\form\\elements\\ButtonFormElement","version":0,"data":[]},"checkboxAlt":{"id":"checkboxAlt","type":"ide\\formats\\form\\elements\\CheckboxFormElement","version":0,"data":[]},"button6":{"id":"button6","type":"ide\\formats\\form\\elements\\ButtonFormElement","version":0,"data":[]},"toggle_block_clients":{"id":"toggle_block_clients","type":"ide\\formats\\form\\elements\\CheckboxFormElement","version":0,"data":[]},"text_search_client":{"id":"text_search_client","type":"ide\\formats\\form\\elements\\TextFieldFormElement","version":0,"data":[]},"search_client":{"id":"search_client","type":"ide\\formats\\form\\elements\\ButtonFormElement","version":0,"data":[]},"table_clients":{"id":"table_clients","type":"ide\\formats\\form\\elements\\TableViewFormElement","version":0,"data":[]},"add_documents":{"id":"add_documents","type":"ide\\formats\\form\\elements\\ButtonFormElement","version":0,"data":[]},"name_client":{"id":"name_client","type":"ide\\formats\\form\\elements\\TextFieldFormElement","version":0,"data":[]},"dialog_select_clients":{"id":"dialog_select_clients","type":"ide\\formats\\form\\elements\\ButtonFormElement","version":0,"data":[]},"start_date_documents":{"id":"start_date_documents","type":"ide\\formats\\form\\elements\\DatePickerFormElement","version":0,"data":[]},"end_date_documents":{"id":"end_date_documents","type":"ide\\formats\\form\\elements\\DatePickerFormElement","version":0,"data":[]},"go_filter_documents":{"id":"go_filter_documents","type":"ide\\formats\\form\\elements\\ButtonFormElement","version":0,"data":[]},"table_documents":{"id":"table_documents","type":"ide\\formats\\form\\elements\\TableViewFormElement","version":0,"data":[]},"edit":{"id":"edit","type":"ide\\formats\\form\\elements\\TextFieldFormElement","version":0,"data":[]},"button":{"id":"button","type":"ide\\formats\\form\\elements\\ButtonFormElement","version":0,"data":[]},"checkbox":{"id":"checkbox","type":"ide\\formats\\form\\elements\\CheckboxFormElement","version":0,"data":[]},"start_date_paid":{"id":"start_date_paid","type":"ide\\formats\\form\\elements\\DatePickerFormElement","version":0,"data":[]},"end_date_paid":{"id":"end_date_paid","type":"ide\\formats\\form\\elements\\DatePickerFormElement","version":0,"data":[]},"buttonAlt":{"id":"buttonAlt","type":"ide\\formats\\form\\elements\\ButtonFormElement","version":0,"data":[]},"table_paids":{"id":"table_paids","type":"ide\\formats\\form\\elements\\TableViewFormElement","version":0,"data":[]},"button4":{"id":"button4","type":"ide\\formats\\form\\elements\\ButtonFormElement","version":0,"data":[]},"label":{"id":"label","type":"ide\\formats\\form\\elements\\LabelFormElement","version":0,"data":[]},"editAlt":{"id":"editAlt","type":"ide\\formats\\form\\elements\\TextFieldFormElement","version":0,"data":[]},"edit3":{"id":"edit3","type":"ide\\formats\\form\\elements\\TextFieldFormElement","version":0,"data":[]},"edit4":{"id":"edit4","type":"ide\\formats\\form\\elements\\TextFieldFormElement","version":0,"data":[]},"image":{"id":"image","type":"ide\\formats\\form\\elements\\ImageViewFormElement","version":0,"data":{"image":".data/img/card-address.png"}},"imageAlt":{"id":"imageAlt","type":"ide\\formats\\form\\elements\\ImageViewFormElement","version":0,"data":{"image":".data/img/card-address.png"}},"image3":{"id":"image3","type":"ide\\formats\\form\\elements\\ImageViewFormElement","version":0,"data":{"image":".data/img/user2.png"}},"dateEdit":{"id":"dateEdit","type":"ide\\formats\\form\\elements\\DatePickerFormElement","version":0,"data":[]},"dateEditAlt":{"id":"dateEditAlt","type":"ide\\formats\\form\\elements\\DatePickerFormElement","version":0,"data":[]},"button3":{"id":"button3","type":"ide\\formats\\form\\elements\\ButtonFormElement","version":0,"data":[]},"panel":{"id":"panel","type":"ide\\formats\\form\\elements\\PanelFormElement","version":0,"data":[]},"label13":{"id":"label13","type":"ide\\formats\\form\\elements\\LabelFormElement","version":0,"data":[]},"label3":{"id":"label3","type":"ide\\formats\\form\\elements\\LabelFormElement","version":0,"data":[]},"label7":{"id":"label7","type":"ide\\formats\\form\\elements\\LabelFormElement","version":0,"data":[]},"vbox":{"id":"vbox","type":"ide\\formats\\form\\elements\\VBoxFormElement","version":0,"data":[]},"panelAlt":{"id":"panelAlt","type":"ide\\formats\\form\\elements\\PanelFormElement","version":0,"data":[]},"label4":{"id":"label4","type":"ide\\formats\\form\\elements\\LabelFormElement","version":0,"data":[]},"label8":{"id":"label8","type":"ide\\formats\\form\\elements\\LabelFormElement","version":0,"data":[]},"vboxAlt":{"id":"vboxAlt","type":"ide\\formats\\form\\elements\\VBoxFormElement","version":0,"data":[]},"panel3":{"id":"panel3","type":"ide\\formats\\form\\elements\\PanelFormElement","version":0,"data":[]},"label5":{"id":"label5","type":"ide\\formats\\form\\elements\\LabelFormElement","version":0,"data":[]},"label9":{"id":"label9","type":"ide\\formats\\form\\elements\\LabelFormElement","version":0,"data":[]},"vbox3":{"id":"vbox3","type":"ide\\formats\\form\\elements\\VBoxFormElement","version":0,"data":[]},"panel4":{"id":"panel4","type":"ide\\formats\\form\\elements\\PanelFormElement","version":0,"data":[]},"label15":{"id":"label15","type":"ide\\formats\\form\\elements\\LabelFormElement","version":0,"data":[]},"label16":{"id":"label16","type":"ide\\formats\\form\\elements\\LabelFormElement","version":0,"data":[]},"vbox7":{"id":"vbox7","type":"ide\\formats\\form\\elements\\VBoxFormElement","version":0,"data":[]},"panel8":{"id":"panel8","type":"ide\\formats\\form\\elements\\PanelFormElement","version":0,"data":[]},"label6":{"id":"label6","type":"ide\\formats\\form\\elements\\LabelFormElement","version":0,"data":[]},"label10":{"id":"label10","type":"ide\\formats\\form\\elements\\LabelFormElement","version":0,"data":[]},"vbox4":{"id":"vbox4","type":"ide\\formats\\form\\elements\\VBoxFormElement","version":0,"data":[]},"panel5":{"id":"panel5","type":"ide\\formats\\form\\elements\\PanelFormElement","version":0,"data":[]},"label11":{"id":"label11","type":"ide\\formats\\form\\elements\\LabelFormElement","version":0,"data":[]},"label12":{"id":"label12","type":"ide\\formats\\form\\elements\\LabelFormElement","version":0,"data":[]},"vbox5":{"id":"vbox5","type":"ide\\formats\\form\\elements\\VBoxFormElement","version":0,"data":[]},"panel6":{"id":"panel6","type":"ide\\formats\\form\\elements\\PanelFormElement","version":0,"data":[]},"hbox":{"id":"hbox","type":"ide\\formats\\form\\elements\\HBoxFormElement","version":0,"data":[]},"vbox6":{"id":"vbox6","type":"ide\\formats\\form\\elements\\VBoxFormElement","version":0,"data":[]},"WindowTab":{"id":"WindowTab","type":"ide\\formats\\form\\elements\\TabPaneFormElement","version":0,"data":[]}}},"src/app/forms/window_print.php":{"_objects":{"browser":{"id":"browser","type":"ide\\formats\\form\\elements\\WebViewFormElement","version":0,"data":[]},"button":{"id":"button","type":"ide\\formats\\form\\elements\\ButtonFormElement","version":0,"data":[]},"buttonAlt":{"id":"buttonAlt","type":"ide\\formats\\form\\elements\\ButtonFormElement","version":0,"data":[]}}},"src/app/modules/database.php":{"_objects":{"printer":{"id":"printer","type":"ide\\scripts\\elements\\PrinterScriptComponent"},"httpClient":{"id":"httpClient","type":"develnext\\bundle\\httpclient\\components\\HttpClientComponent"},"ini":{"id":"ini","type":"ide\\scripts\\elements\\IniStorageComponent"}}},"src/app/modules/format_reports.php":{"_objects":[]},"src/app/modules/format_vars.php":{"_objects":[]},"src/app/modules/num2str.php":{"_objects":[]},"src/app/modules/tree_make.php":{"_objects":[]}}