{"src/app/forms/mainform.php":{"_objects":{"button":{"id":"button","type":"ide\\formats\\form\\elements\\ButtonFormElement","version":0,"data":[]},"button3":{"id":"button3","type":"ide\\formats\\form\\elements\\ButtonFormElement","version":0,"data":[]},"buttonAlt":{"id":"buttonAlt","type":"ide\\formats\\form\\elements\\ButtonFormElement","version":0,"data":[]},"button4":{"id":"button4","type":"ide\\formats\\form\\elements\\ButtonFormElement","version":0,"data":[]},"button5":{"id":"button5","type":"ide\\formats\\form\\elements\\ButtonFormElement","version":0,"data":[]},"button6":{"id":"button6","type":"ide\\formats\\form\\elements\\ButtonFormElement","version":0,"data":[]},"button7":{"id":"button7","type":"ide\\formats\\form\\elements\\ButtonFormElement","version":0,"data":[]},"button8":{"id":"button8","type":"ide\\formats\\form\\elements\\ButtonFormElement","version":0,"data":[]},"button9":{"id":"button9","type":"ide\\formats\\form\\elements\\ButtonFormElement","version":0,"data":[]},"button10":{"id":"button10","type":"ide\\formats\\form\\elements\\ButtonFormElement","version":0,"data":[]},"flowPane":{"id":"flowPane","type":"ide\\formats\\form\\elements\\FlowPaneFormElement","version":0,"data":[]}}},"src/app/modules/appmodule.php":{"_objects":[]},"src/app/modules/crop.php":{"_objects":[]},"src/app/modules/mainmodule.php":{"_objects":[]},"src/app/modules/modal.php":{"_objects":[]}}