{"src/app/forms/mainform.php":{"_objects":{"vbox":{"id":"vbox","type":"ide\\formats\\form\\elements\\VBoxFormElement","version":0,"data":[]},"image":{"id":"image","type":"ide\\formats\\form\\elements\\ImageViewFormElement","version":0,"data":{"image":".data/img/background.jpg"}}}},"src/app/forms/resultform.php":{"_objects":{"image":{"id":"image","type":"ide\\formats\\form\\elements\\ImageViewFormElement","version":0,"data":{}},"button":{"id":"button","type":"ide\\formats\\form\\elements\\ButtonFormElement","version":0,"data":[]}}},"src/app/modules/appmodule.php":{"_objects":[]}}